group,total,positive,negative,avg_score
5,693,616,77,0.985497
4,211,163,48,0.977129
3,55,18,37,0.961061
1,26,0,26,0.996798
2,15,1,14,0.990162
